date,open,close,high,low,涨跌幅,涨跌额,volume,成交额,振幅,换手率,ma50,ma200
2026-01-08 13:25:00,13.91,13.92,13.92,13.9,0.07,0.01,102.0,141889.0,0.14,0.0,,
2026-01-08 13:30:00,13.92,13.92,13.93,13.91,0.0,0.0,349.0,485663.0,0.14,0.0,,
2026-01-08 13:35:00,13.92,13.93,13.93,13.9,0.07,0.01,444.0,617558.0,0.22,0.01,,
2026-01-08 13:40:00,13.93,13.96,13.96,13.93,0.22,0.03,326.0,454544.0,0.22,0.0,,
2026-01-08 13:45:00,13.97,13.96,13.97,13.95,0.0,0.0,724.0,1011043.0,0.14,0.01,,
2026-01-08 13:50:00,13.96,13.96,13.96,13.95,0.0,0.0,132.0,184199.0,0.07,0.0,,
2026-01-08 13:55:00,13.96,13.94,13.96,13.94,-0.14,-0.02,218.0,303991.0,0.14,0.0,,
2026-01-08 14:00:00,13.95,13.95,13.95,13.94,0.07,0.01,226.0,315254.0,0.07,0.0,,
2026-01-08 14:05:00,13.95,13.94,13.95,13.94,-0.07,-0.01,171.0,238465.0,0.07,0.0,,
2026-01-08 14:10:00,13.94,13.91,13.94,13.91,-0.22,-0.03,792.0,1103295.0,0.22,0.01,,
2026-01-08 14:15:00,13.91,13.95,13.95,13.91,0.29,0.04,377.0,525034.0,0.29,0.0,,
2026-01-08 14:20:00,13.94,13.94,13.96,13.94,-0.07,-0.01,302.0,421259.0,0.14,0.0,,
2026-01-08 14:25:00,13.95,13.95,13.95,13.94,0.07,0.01,244.0,339719.0,0.07,0.0,,
2026-01-08 14:30:00,13.95,13.96,13.96,13.94,0.07,0.01,325.0,453483.0,0.14,0.0,,
2026-01-08 14:35:00,13.96,13.95,13.96,13.95,-0.07,-0.01,311.0,434002.0,0.07,0.0,,
2026-01-08 14:40:00,13.96,13.97,13.99,13.95,0.14,0.02,1130.0,1578715.0,0.29,0.01,,
2026-01-08 14:45:00,13.97,13.98,13.99,13.97,0.07,0.01,421.0,588524.0,0.14,0.01,,
2026-01-08 14:50:00,13.99,13.99,14.0,13.97,0.07,0.01,1329.0,1858628.0,0.21,0.02,,
2026-01-08 14:55:00,13.99,13.99,14.0,13.98,0.0,0.0,823.0,1151570.0,0.14,0.01,,
2026-01-08 15:00:00,13.99,13.99,14.0,13.98,0.0,0.0,654.0,914902.0,0.14,0.01,,
2026-01-09 09:35:00,14.0,14.04,14.08,14.0,0.36,0.05,1976.0,2774551.0,0.57,0.02,,
2026-01-09 09:40:00,14.11,14.23,14.27,14.11,1.35,0.19,6320.0,8970193.0,1.14,0.08,,
2026-01-09 09:45:00,14.22,14.16,14.26,14.16,-0.49,-0.07,1509.0,2147182.0,0.7,0.02,,
2026-01-09 09:50:00,14.16,14.16,14.2,14.13,0.0,0.0,1224.0,1734374.0,0.49,0.02,,
2026-01-09 09:55:00,14.14,14.2,14.2,14.12,0.28,0.04,758.0,1073418.0,0.56,0.01,,
2026-01-09 10:00:00,14.2,14.23,14.25,14.2,0.21,0.03,1462.0,2079204.0,0.35,0.02,,
2026-01-09 10:05:00,14.24,14.3,14.32,14.23,0.49,0.07,4361.0,6222917.0,0.63,0.06,,
2026-01-09 10:10:00,14.29,14.32,14.39,14.27,0.14,0.02,4134.0,5928186.0,0.84,0.05,,
2026-01-09 10:15:00,14.31,14.29,14.32,14.28,-0.21,-0.03,1330.0,1900825.0,0.28,0.02,,
2026-01-09 10:20:00,14.29,14.28,14.29,14.27,-0.07,-0.01,815.0,1163975.0,0.14,0.01,,
2026-01-09 10:25:00,14.28,14.24,14.28,14.23,-0.28,-0.04,554.0,789666.0,0.35,0.01,,
2026-01-09 10:30:00,14.23,14.3,14.3,14.23,0.42,0.06,1157.0,1650783.0,0.49,0.01,,
2026-01-09 10:35:00,14.29,14.33,14.33,14.27,0.21,0.03,1586.0,2268044.0,0.42,0.02,,
2026-01-09 10:40:00,14.33,14.39,14.4,14.33,0.42,0.06,3069.0,4407298.0,0.49,0.04,,
2026-01-09 10:45:00,14.39,14.45,14.48,14.39,0.42,0.06,5011.0,7233506.0,0.63,0.06,,
2026-01-09 10:50:00,14.47,14.46,14.48,14.44,0.07,0.01,2746.0,3971261.0,0.28,0.03,,
2026-01-09 10:55:00,14.46,14.76,14.8,14.45,2.07,0.3,11081.0,16196317.0,2.42,0.14,,
2026-01-09 11:00:00,14.74,15.08,15.1,14.73,2.17,0.32,14491.0,21586668.0,2.51,0.18,,
2026-01-09 11:05:00,15.1,15.21,15.3,15.07,0.86,0.13,17886.0,27090962.0,1.53,0.23,,
2026-01-09 11:10:00,15.2,15.0,15.32,15.0,-1.38,-0.21,12026.0,18306318.0,2.1,0.15,,
2026-01-09 11:15:00,15.03,14.71,15.04,14.69,-1.93,-0.29,11052.0,16350311.0,2.33,0.14,,
2026-01-09 11:20:00,14.78,14.69,14.8,14.58,-0.14,-0.02,5895.0,8651635.0,1.5,0.07,,
2026-01-09 11:25:00,14.69,14.66,14.71,14.65,-0.2,-0.03,1219.0,1789716.0,0.41,0.02,,
2026-01-09 11:30:00,14.66,14.7,14.7,14.61,0.27,0.04,1600.0,2343673.0,0.61,0.02,,
2026-01-09 13:05:00,14.68,14.57,14.69,14.54,-0.88,-0.13,3692.0,5397214.0,1.02,0.05,,
2026-01-09 13:10:00,14.56,14.57,14.62,14.55,0.0,0.0,850.0,1240220.0,0.48,0.01,,
2026-01-09 13:15:00,14.58,14.55,14.58,14.54,-0.14,-0.02,782.0,1138338.0,0.27,0.01,,
2026-01-09 13:20:00,14.56,14.57,14.6,14.55,0.14,0.02,1005.0,1464603.0,0.34,0.01,,
2026-01-09 13:25:00,14.57,14.58,14.59,14.56,0.07,0.01,1036.0,1509537.0,0.21,0.01,,
2026-01-09 13:30:00,14.58,14.56,14.58,14.56,-0.14,-0.02,504.0,734291.0,0.14,0.01,14.273,
2026-01-09 13:35:00,14.57,14.55,14.57,14.53,-0.07,-0.01,1291.0,1878550.0,0.27,0.02,14.285600000000002,
2026-01-09 13:40:00,14.54,14.56,14.56,14.54,0.07,0.01,188.0,273515.0,0.14,0.0,14.298399999999999,
2026-01-09 13:45:00,14.55,14.54,14.58,14.54,-0.14,-0.02,445.0,647752.0,0.27,0.01,14.310599999999999,
2026-01-09 13:50:00,14.54,14.57,14.58,14.54,0.21,0.03,741.0,1079540.0,0.28,0.01,14.322799999999999,
2026-01-09 13:55:00,14.57,14.56,14.57,14.55,-0.07,-0.01,599.0,871579.0,0.14,0.01,14.334799999999998,
2026-01-09 14:00:00,14.56,14.57,14.58,14.55,0.07,0.01,1097.0,1597884.0,0.21,0.01,14.347000000000001,
2026-01-09 14:05:00,14.57,14.63,14.67,14.56,0.41,0.06,2211.0,3236587.0,0.75,0.03,14.3608,
2026-01-09 14:10:00,14.61,14.57,14.65,14.55,-0.41,-0.06,549.0,800439.0,0.68,0.01,14.373200000000002,
2026-01-09 14:15:00,14.57,14.55,14.58,14.54,-0.14,-0.02,464.0,675342.0,0.27,0.01,14.385399999999999,
2026-01-09 14:20:00,14.55,14.6,14.6,14.55,0.34,0.05,401.0,584643.0,0.34,0.01,14.3992,
2026-01-09 14:25:00,14.6,14.62,14.64,14.58,0.14,0.02,768.0,1121288.0,0.41,0.01,14.4126,
2026-01-09 14:30:00,14.63,14.64,14.65,14.62,0.14,0.02,587.0,858841.0,0.21,0.01,14.4266,
2026-01-09 14:35:00,14.63,14.6,14.64,14.58,-0.27,-0.04,665.0,971637.0,0.41,0.01,14.4396,
2026-01-09 14:40:00,14.61,14.64,14.66,14.59,0.27,0.04,971.0,1421059.0,0.48,0.01,14.453199999999999,
2026-01-09 14:45:00,14.64,14.65,14.69,14.64,0.07,0.01,1379.0,2021949.0,0.34,0.02,14.4672,
2026-01-09 14:50:00,14.65,14.65,14.67,14.64,0.0,0.0,1723.0,2524705.0,0.2,0.02,14.480799999999999,
2026-01-09 14:55:00,14.64,14.69,14.69,14.64,0.27,0.04,2357.0,3459907.0,0.34,0.03,14.495,
2026-01-09 15:00:00,14.69,14.67,14.69,14.67,-0.14,-0.02,1580.0,2318593.0,0.14,0.02,14.5086,
2026-01-12 09:35:00,14.96,14.81,15.05,14.75,0.95,0.14,13594.0,20294579.0,2.04,0.17,14.525,
2026-01-12 09:40:00,14.82,14.73,14.82,14.66,-0.54,-0.08,5631.0,8304730.0,1.08,0.07,14.5398,
2026-01-12 09:45:00,14.73,14.67,14.77,14.66,-0.41,-0.06,6577.0,9683511.0,0.75,0.08,14.5524,
2026-01-12 09:50:00,14.66,14.65,14.73,14.63,-0.14,-0.02,3513.0,5160599.0,0.68,0.04,14.560799999999999,
2026-01-12 09:55:00,14.64,14.68,14.75,14.64,0.2,0.03,3558.0,5232226.0,0.75,0.04,14.5712,
2026-01-12 10:00:00,14.67,14.68,14.69,14.64,0.0,0.0,1237.0,1814105.0,0.34,0.02,14.581600000000002,
2026-01-12 10:05:00,14.68,14.7,14.73,14.68,0.14,0.02,2947.0,4335382.0,0.34,0.04,14.591599999999998,
2026-01-12 10:10:00,14.71,14.74,14.79,14.69,0.27,0.04,2383.0,3509733.0,0.68,0.03,14.601799999999999,
2026-01-12 10:15:00,14.75,14.72,14.77,14.72,-0.14,-0.02,1506.0,2220972.0,0.34,0.02,14.610199999999999,
2026-01-12 10:20:00,14.72,14.72,14.73,14.7,0.0,0.0,1632.0,2400704.0,0.2,0.02,14.6182,
2026-01-12 10:25:00,14.73,14.73,14.76,14.72,0.07,0.01,3306.0,4873054.0,0.27,0.04,14.627,
2026-01-12 10:30:00,14.72,14.69,14.73,14.68,-0.27,-0.04,986.0,1449657.0,0.34,0.01,14.6352,
2026-01-12 10:35:00,14.69,14.74,14.74,14.64,0.34,0.05,1519.0,2230695.0,0.68,0.02,14.645199999999999,
2026-01-12 10:40:00,14.74,14.74,14.77,14.72,0.0,0.0,971.0,1431950.0,0.34,0.01,14.654000000000002,
2026-01-12 10:45:00,14.73,14.79,14.82,14.71,0.34,0.05,2017.0,2977470.0,0.75,0.03,14.6632,
2026-01-12 10:50:00,14.79,14.8,14.84,14.78,0.07,0.01,1986.0,2945521.0,0.41,0.03,14.6714,
2026-01-12 10:55:00,14.8,14.87,14.9,14.78,0.47,0.07,2734.0,4062462.0,0.81,0.03,14.6798,
2026-01-12 11:00:00,14.87,15.29,15.29,14.85,2.82,0.42,9052.0,13631012.0,2.96,0.11,14.696399999999999,
2026-01-12 11:05:00,15.27,15.16,15.35,15.14,-0.85,-0.13,11007.0,16770715.0,1.37,0.14,14.704399999999998,
2026-01-12 11:10:00,15.17,15.17,15.22,15.13,0.07,0.01,2821.0,4276161.0,0.59,0.04,14.7062,
2026-01-12 11:15:00,15.17,15.18,15.19,15.08,0.07,0.01,1237.0,1873314.0,0.73,0.02,14.705599999999999,
2026-01-12 11:20:00,15.16,15.14,15.19,15.14,-0.26,-0.04,1985.0,3008425.0,0.33,0.03,14.7084,
2026-01-12 11:25:00,15.14,15.13,15.15,15.12,-0.07,-0.01,1489.0,2253651.0,0.2,0.02,14.7168,
2026-01-12 11:30:00,15.13,15.2,15.2,15.12,0.46,0.07,1703.0,2583629.0,0.53,0.02,14.727,
2026-01-12 13:05:00,15.18,15.2,15.24,15.16,0.0,0.0,2933.0,4457388.0,0.53,0.04,14.737800000000002,
2026-01-12 13:10:00,15.17,15.11,15.17,15.11,-0.59,-0.09,1847.0,2796669.0,0.39,0.02,14.745999999999999,
2026-01-12 13:15:00,15.13,15.11,15.18,15.11,0.0,0.0,1577.0,2385492.0,0.46,0.02,14.756799999999998,
2026-01-12 13:20:00,15.1,15.01,15.11,15.0,-0.66,-0.1,2991.0,4511923.0,0.73,0.04,14.7656,
2026-01-12 13:25:00,15.0,15.03,15.04,15.0,0.13,0.02,493.0,740599.0,0.27,0.01,14.7752,
2026-01-12 13:30:00,15.03,15.03,15.04,15.02,0.0,0.0,551.0,828026.0,0.13,0.01,14.7844,
2026-01-12 13:35:00,15.02,15.01,15.04,15.0,-0.13,-0.02,611.0,917569.0,0.27,0.01,14.793,
2026-01-12 13:40:00,15.02,14.99,15.04,14.98,-0.13,-0.02,1156.0,1734039.0,0.4,0.01,14.8016,
2026-01-12 13:45:00,14.99,15.0,15.03,14.96,0.07,0.01,1591.0,2384164.0,0.47,0.02,14.810599999999999,
2026-01-12 13:50:00,15.03,15.02,15.05,15.01,0.13,0.02,536.0,805956.0,0.27,0.01,14.8198,
2026-01-12 13:55:00,15.03,15.04,15.05,15.02,0.13,0.02,429.0,644788.0,0.2,0.01,14.8298,
2026-01-12 14:00:00,15.04,15.05,15.05,15.02,0.07,0.01,693.0,1042256.0,0.2,0.01,14.839400000000001,
2026-01-12 14:05:00,15.05,15.05,15.22,15.04,0.0,0.0,3525.0,5332817.0,1.2,0.04,14.849200000000002,
2026-01-12 14:10:00,15.05,15.13,15.15,15.04,0.53,0.08,1499.0,2260112.0,0.73,0.02,14.8604,
2026-01-12 14:15:00,15.13,15.13,15.14,15.11,0.0,0.0,530.0,801801.0,0.2,0.01,14.8704,
2026-01-12 14:20:00,15.13,15.11,15.13,15.08,-0.13,-0.02,527.0,796280.0,0.33,0.01,14.8812,
2026-01-12 14:25:00,15.11,15.11,15.13,15.09,0.0,0.0,522.0,788605.0,0.26,0.01,14.8924,
2026-01-12 14:30:00,15.11,15.16,15.18,15.11,0.33,0.05,1313.0,1988854.0,0.46,0.02,14.903599999999999,
2026-01-12 14:35:00,15.14,15.14,15.18,15.13,-0.13,-0.02,1377.0,2087558.0,0.33,0.02,14.913999999999998,
2026-01-12 14:40:00,15.14,15.14,15.16,15.13,0.0,0.0,844.0,1278244.0,0.2,0.01,14.924000000000001,
2026-01-12 14:45:00,15.14,15.11,15.15,15.11,-0.2,-0.03,1145.0,1732875.0,0.26,0.01,14.934199999999999,
2026-01-12 14:50:00,15.11,15.12,15.14,15.11,0.07,0.01,1132.0,1711764.0,0.2,0.01,14.9438,
2026-01-12 14:55:00,15.11,15.11,15.12,15.1,-0.07,-0.01,2227.0,3366593.0,0.13,0.03,14.953,
2026-01-12 15:00:00,15.12,15.12,15.12,15.1,0.07,0.01,3037.0,4591184.0,0.13,0.04,14.9624,
2026-01-13 09:35:00,15.12,15.0,15.19,14.9,-0.79,-0.12,13305.0,20054856.0,1.92,0.17,14.968599999999999,
2026-01-13 09:40:00,14.95,15.16,15.25,14.95,1.07,0.16,6672.0,10073486.0,2.0,0.08,14.978399999999999,
2026-01-13 09:45:00,15.17,15.21,15.22,15.11,0.33,0.05,5461.0,8290390.0,0.73,0.07,14.986399999999998,
2026-01-13 09:50:00,15.2,15.31,15.32,15.2,0.66,0.1,4463.0,6813290.0,0.79,0.06,14.998000000000001,
2026-01-13 09:55:00,15.3,15.56,15.58,15.29,1.63,0.25,8381.0,12927540.0,1.89,0.11,15.015799999999999,
2026-01-13 10:00:00,15.54,15.41,15.55,15.41,-0.96,-0.15,3481.0,5380154.0,0.9,0.04,15.030999999999999,
2026-01-13 10:05:00,15.39,15.31,15.39,15.27,-0.65,-0.1,2139.0,3278479.0,0.78,0.03,15.043600000000001,
2026-01-13 10:10:00,15.31,15.27,15.31,15.25,-0.26,-0.04,3937.0,6011048.0,0.39,0.05,15.055399999999999,
2026-01-13 10:15:00,15.27,15.24,15.3,15.23,-0.2,-0.03,1422.0,2169826.0,0.46,0.02,15.066199999999998,
2026-01-13 10:20:00,15.24,15.28,15.28,15.23,0.26,0.04,778.0,1186675.0,0.33,0.01,15.077,
2026-01-13 10:25:00,15.27,15.41,15.41,15.27,0.85,0.13,2265.0,3471799.0,0.92,0.03,15.0908,
2026-01-13 10:30:00,15.4,15.32,15.41,15.32,-0.58,-0.09,925.0,1421838.0,0.58,0.01,15.1028,
2026-01-13 10:35:00,15.32,15.35,15.36,15.31,0.2,0.03,1017.0,1559103.0,0.33,0.01,15.1152,
2026-01-13 10:40:00,15.35,15.39,15.39,15.32,0.26,0.04,1263.0,1938554.0,0.46,0.02,15.1292,
2026-01-13 10:45:00,15.38,15.4,15.42,15.38,0.06,0.01,1101.0,1695796.0,0.26,0.01,15.1424,
2026-01-13 10:50:00,15.39,15.36,15.4,15.32,-0.26,-0.04,2053.0,3149351.0,0.52,0.03,15.1548,
2026-01-13 10:55:00,15.35,15.33,15.37,15.32,-0.2,-0.03,798.0,1224632.0,0.33,0.01,15.165600000000001,
2026-01-13 11:00:00,15.33,15.4,15.41,15.33,0.46,0.07,696.0,1069357.0,0.52,0.01,15.1776,
2026-01-13 11:05:00,15.4,15.44,15.45,15.39,0.26,0.04,1571.0,2422264.0,0.39,0.02,15.188999999999998,
2026-01-13 11:10:00,15.43,15.44,15.45,15.41,0.0,0.0,1004.0,1548295.0,0.26,0.01,15.192,
2026-01-13 11:15:00,15.44,15.42,15.45,15.42,-0.13,-0.02,761.0,1174565.0,0.19,0.01,15.1972,
2026-01-13 11:20:00,15.43,15.4,15.43,15.39,-0.13,-0.02,741.0,1141309.0,0.26,0.01,15.201799999999999,
2026-01-13 11:25:00,15.4,15.38,15.4,15.37,-0.13,-0.02,1168.0,1797597.0,0.19,0.01,15.205800000000002,
2026-01-13 11:30:00,15.37,15.37,15.41,15.37,-0.07,-0.01,745.0,1146371.0,0.26,0.01,15.2104,
2026-01-13 13:05:00,15.37,15.46,15.5,15.35,0.59,0.09,7702.0,11893477.0,0.98,0.1,15.217,
2026-01-13 13:10:00,15.46,15.44,15.46,15.4,-0.13,-0.02,1048.0,1616521.0,0.39,0.01,15.2218,
2026-01-13 13:15:00,15.45,15.44,15.49,15.43,0.0,0.0,1351.0,2088215.0,0.39,0.02,15.226599999999998,
2026-01-13 13:20:00,15.46,15.53,15.55,15.44,0.58,0.09,3445.0,5336505.0,0.71,0.04,15.235,
2026-01-13 13:25:00,15.53,15.54,15.56,15.46,0.06,0.01,3463.0,5379833.0,0.64,0.04,15.2436,
2026-01-13 13:30:00,15.55,15.54,15.55,15.49,0.0,0.0,1276.0,1979788.0,0.39,0.02,15.2542,
2026-01-13 13:35:00,15.55,15.45,15.55,15.44,-0.58,-0.09,1410.0,2184893.0,0.71,0.02,15.262599999999999,
2026-01-13 13:40:00,15.44,15.44,15.44,15.41,-0.06,-0.01,971.0,1498070.0,0.19,0.01,15.2708,
2026-01-13 13:45:00,15.44,15.45,15.47,15.43,0.06,0.01,1583.0,2444228.0,0.26,0.02,15.2796,
2026-01-13 13:50:00,15.45,15.46,15.48,15.44,0.06,0.01,945.0,1460117.0,0.26,0.01,15.288999999999998,
2026-01-13 13:55:00,15.45,15.48,15.49,15.44,0.13,0.02,897.0,1386901.0,0.32,0.01,15.298599999999999,
2026-01-13 14:00:00,15.48,15.54,15.54,15.48,0.39,0.06,1399.0,2168169.0,0.39,0.02,15.309000000000001,
2026-01-13 14:05:00,15.53,15.53,15.58,15.51,-0.06,-0.01,1982.0,3082952.0,0.45,0.03,15.318800000000001,
2026-01-13 14:10:00,15.54,15.6,15.6,15.53,0.45,0.07,3750.0,5837759.0,0.45,0.05,15.3298,
2026-01-13 14:15:00,15.6,15.58,15.6,15.57,-0.13,-0.02,675.0,1051671.0,0.19,0.01,15.340399999999999,
2026-01-13 14:20:00,15.57,15.5,15.58,15.49,-0.51,-0.08,1929.0,2998236.0,0.58,0.02,15.3478,
2026-01-13 14:25:00,15.5,15.47,15.5,15.46,-0.19,-0.03,1013.0,1568113.0,0.26,0.01,15.3546,
2026-01-13 14:30:00,15.46,15.47,15.48,15.44,0.0,0.0,842.0,1301858.0,0.26,0.01,15.3618,
2026-01-13 14:35:00,15.47,15.47,15.5,15.46,0.0,0.0,1494.0,2313398.0,0.26,0.02,15.369000000000002,
2026-01-13 14:40:00,15.47,15.39,15.47,15.39,-0.52,-0.08,1409.0,2172515.0,0.52,0.02,15.373600000000001,
2026-01-13 14:45:00,15.39,15.42,15.42,15.38,0.19,0.03,2409.0,3710691.0,0.26,0.03,15.3792,
2026-01-13 14:50:00,15.4,15.4,15.42,15.36,-0.13,-0.02,2862.0,4404996.0,0.39,0.04,15.384399999999998,
2026-01-13 14:55:00,15.4,15.44,15.46,15.39,0.26,0.04,3273.0,5047216.0,0.45,0.04,15.391000000000002,
2026-01-13 15:00:00,15.43,15.44,15.44,15.42,0.0,0.0,2666.0,4114789.0,0.13,0.03,15.3974,
2026-01-14 09:35:00,15.3,15.55,15.62,15.3,0.71,0.11,6916.0,10704309.0,2.07,0.09,15.406200000000002,
2026-01-14 09:40:00,15.57,15.74,15.76,15.56,1.22,0.19,6713.0,10516421.0,1.29,0.08,15.418600000000001,
2026-01-14 09:45:00,15.74,15.79,15.83,15.71,0.32,0.05,3562.0,5619208.0,0.76,0.04,15.4344,
2026-01-14 09:50:00,15.79,15.78,15.83,15.78,-0.06,-0.01,2902.0,4585577.0,0.32,0.04,15.446800000000001,
2026-01-14 09:55:00,15.79,16.07,16.19,15.78,1.84,0.29,10234.0,16362136.0,2.6,0.13,15.464,
2026-01-14 10:00:00,16.04,16.01,16.07,15.9,-0.37,-0.06,3300.0,5272053.0,1.06,0.04,15.478,
2026-01-14 10:05:00,16.01,15.96,16.01,15.94,-0.31,-0.05,3280.0,5247332.0,0.44,0.04,15.486,
2026-01-14 10:10:00,15.95,16.04,16.07,15.95,0.5,0.08,2499.0,4000305.0,0.75,0.03,15.498600000000001,
2026-01-14 10:15:00,16.04,16.0,16.06,15.99,-0.25,-0.04,1247.0,2000180.0,0.44,0.02,15.5124,
2026-01-14 10:20:00,16.0,16.03,16.04,15.96,0.19,0.03,2165.0,3463036.0,0.5,0.03,15.5276,
2026-01-14 10:25:00,16.03,16.25,16.3,16.02,1.37,0.22,6765.0,10963453.0,1.75,0.09,15.5478,
2026-01-14 10:30:00,16.24,16.22,16.3,16.18,-0.18,-0.03,2847.0,4625463.0,0.74,0.04,15.566600000000001,
2026-01-14 10:35:00,16.23,16.27,16.33,16.22,0.31,0.05,2334.0,3802033.0,0.68,0.03,15.583800000000002,
2026-01-14 10:40:00,16.27,16.33,16.36,16.23,0.37,0.06,2324.0,3788675.0,0.8,0.03,15.604000000000001,
2026-01-14 10:45:00,16.3,16.3,16.37,16.28,-0.18,-0.03,2105.0,3435293.0,0.55,0.03,15.623,
2026-01-14 10:50:00,16.29,16.28,16.33,16.27,-0.12,-0.02,1184.0,1929858.0,0.37,0.01,15.640799999999999,
2026-01-14 10:55:00,16.28,16.33,16.35,16.24,0.31,0.05,1894.0,3085957.0,0.68,0.02,15.6594,
2026-01-14 11:00:00,16.35,16.32,16.4,16.31,-0.06,-0.01,1676.0,2742842.0,0.55,0.02,15.6786,
2026-01-14 11:05:00,16.31,16.39,16.4,16.28,0.43,0.07,1329.0,2172134.0,0.74,0.02,15.6998,
2026-01-14 11:10:00,16.39,16.21,16.4,16.21,-1.1,-0.18,2089.0,3408411.0,1.16,0.03,15.716,
2026-01-14 11:15:00,16.22,16.14,16.22,16.14,-0.43,-0.07,1662.0,2687458.0,0.49,0.02,15.73,
2026-01-14 11:20:00,16.14,16.2,16.2,16.08,0.37,0.06,1576.0,2541474.0,0.74,0.02,15.7452,
2026-01-14 11:25:00,16.2,16.2,16.22,16.15,0.0,0.0,937.0,1515358.0,0.43,0.01,15.760800000000001,
2026-01-14 11:30:00,16.19,16.18,16.21,16.15,-0.12,-0.02,1673.0,2704456.0,0.37,0.02,15.7764,
2026-01-14 13:05:00,16.2,16.03,16.2,16.0,-0.93,-0.15,4212.0,6773711.0,1.24,0.05,15.789399999999999,
2026-01-14 13:10:00,16.02,15.9,16.03,15.86,-0.81,-0.13,3026.0,4817703.0,1.06,0.04,15.8,
2026-01-14 13:15:00,15.93,15.82,15.94,15.81,-0.5,-0.08,2958.0,4694902.0,0.82,0.04,15.8072,
2026-01-14 13:20:00,15.82,15.93,15.94,15.8,0.7,0.11,2241.0,3551370.0,0.88,0.03,15.816999999999998,
2026-01-14 13:25:00,15.93,15.91,15.95,15.86,-0.13,-0.02,1699.0,2701972.0,0.56,0.02,15.826400000000001,
2026-01-14 13:30:00,15.91,15.71,15.94,15.63,-1.26,-0.2,7772.0,12244629.0,1.95,0.1,15.83,
2026-01-14 13:35:00,15.71,15.53,15.71,15.52,-1.15,-0.18,6331.0,9886265.0,1.21,0.08,15.8298,
2026-01-14 13:40:00,15.54,15.5,15.59,15.48,-0.19,-0.03,7064.0,10959705.0,0.71,0.09,15.829,
2026-01-14 13:45:00,15.48,15.4,15.52,15.4,-0.65,-0.1,4008.0,6207937.0,0.77,0.05,15.828,
2026-01-14 13:50:00,15.43,15.4,15.46,15.35,0.0,0.0,4598.0,7076792.0,0.71,0.06,15.8272,
2026-01-14 13:55:00,15.42,15.33,15.46,15.31,-0.45,-0.07,4268.0,6564493.0,0.97,0.05,15.8248,
2026-01-14 14:00:00,15.32,15.24,15.37,15.16,-0.59,-0.09,5112.0,7802863.0,1.37,0.06,15.820400000000001,15.046
2026-01-14 14:05:00,15.23,15.28,15.33,15.23,0.26,0.04,4545.0,6941067.0,0.66,0.06,15.816400000000002,15.0528
2026-01-14 14:10:00,15.27,15.28,15.28,15.18,0.0,0.0,4797.0,7307670.0,0.65,0.06,15.8112,15.0596
2026-01-14 14:15:00,15.26,15.32,15.41,15.24,0.26,0.04,3496.0,5353231.0,1.11,0.04,15.807,15.06655
2026-01-14 14:20:00,15.35,15.3,15.36,15.28,-0.13,-0.02,2754.0,4215397.0,0.52,0.03,15.800999999999998,15.07325
2026-01-14 14:25:00,15.3,15.38,15.38,15.29,0.52,0.08,4278.0,6560570.0,0.59,0.05,15.797,15.080350000000001
2026-01-14 14:30:00,15.35,15.31,15.41,15.3,-0.46,-0.07,3131.0,4810727.0,0.72,0.04,15.793200000000002,15.0871
2026-01-14 14:35:00,15.33,15.33,15.4,15.3,0.13,0.02,5137.0,7880000.0,0.65,0.06,15.7904,15.09405
2026-01-14 14:40:00,15.33,15.22,15.33,15.15,-0.72,-0.11,4599.0,7010711.0,1.17,0.06,15.7854,15.1004
2026-01-14 14:45:00,15.22,15.25,15.32,15.2,0.2,0.03,3572.0,5453038.0,0.79,0.05,15.780999999999999,15.10695
2026-01-14 14:50:00,15.26,15.32,15.33,15.24,0.46,0.07,3261.0,4984652.0,0.59,0.04,15.7796,15.114
2026-01-14 14:55:00,15.33,15.45,15.49,15.32,0.85,0.13,3722.0,5749005.0,1.11,0.05,15.7802,15.1215
2026-01-14 15:00:00,15.44,15.44,15.5,15.41,-0.06,-0.01,2360.0,3647834.0,0.58,0.03,15.781,15.128999999999998
2026-01-15 09:35:00,15.37,15.52,15.55,15.12,0.52,0.08,10566.0,16159492.0,2.78,0.13,15.7826,15.136849999999999
2026-01-15 09:40:00,15.52,15.41,15.55,15.35,-0.71,-0.11,4284.0,6613283.0,1.29,0.05,15.782,15.144100000000002
2026-01-15 09:45:00,15.4,15.49,15.54,15.37,0.52,0.08,3013.0,4662360.0,1.1,0.04,15.7808,15.151800000000001
2026-01-15 09:50:00,15.47,15.53,15.62,15.42,0.26,0.04,3574.0,5552813.0,1.29,0.05,15.776599999999998,15.159600000000001
2026-01-15 09:55:00,15.53,15.54,15.54,15.49,0.06,0.01,1911.0,2964098.0,0.32,0.02,15.771600000000001,15.1674
2026-01-15 10:00:00,15.56,15.54,15.66,15.53,0.0,0.0,2460.0,3836192.0,0.84,0.03,15.7668,15.17515
2026-01-15 10:05:00,15.55,15.37,15.58,15.37,-1.09,-0.17,2255.0,3491473.0,1.35,0.03,15.7528,15.182049999999998
2026-01-15 10:10:00,15.37,15.31,15.38,15.3,-0.39,-0.06,2231.0,3421606.0,0.52,0.03,15.7388,15.18865
2026-01-15 10:15:00,15.3,15.33,15.36,15.3,0.13,0.02,1445.0,2216598.0,0.39,0.02,15.726199999999999,15.1951
2026-01-15 10:20:00,15.33,15.33,15.4,15.33,0.0,0.0,2194.0,3368518.0,0.46,0.03,15.712,15.2006
2026-01-15 10:25:00,15.33,15.36,15.43,15.3,0.2,0.03,2556.0,3924159.0,0.85,0.03,15.699200000000001,15.206600000000002
2026-01-15 10:30:00,15.37,15.42,15.42,15.32,0.39,0.06,1500.0,2305729.0,0.65,0.02,15.687000000000001,15.2129
2026-01-15 10:35:00,15.42,15.44,15.47,15.39,0.13,0.02,3472.0,5358749.0,0.52,0.04,15.6708,15.219100000000001
2026-01-15 10:40:00,15.44,15.53,15.54,15.44,0.58,0.09,3200.0,4956223.0,0.65,0.04,15.657,15.2256
2026-01-15 10:45:00,15.52,15.54,15.55,15.49,0.06,0.01,2042.0,3169339.0,0.39,0.03,15.6424,15.231799999999998
2026-01-15 10:50:00,15.53,15.59,15.59,15.53,0.32,0.05,1941.0,3020591.0,0.39,0.02,15.6276,15.238150000000001
2026-01-15 10:55:00,15.59,15.63,15.71,15.59,0.26,0.04,3941.0,6170407.0,0.77,0.05,15.6142,15.244850000000001
2026-01-15 11:00:00,15.64,15.6,15.7,15.58,-0.19,-0.03,2451.0,3832878.0,0.77,0.03,15.6006,15.25145
2026-01-15 11:05:00,15.6,15.56,15.66,15.56,-0.26,-0.04,1753.0,2736270.0,0.64,0.02,15.5852,15.258049999999999
2026-01-15 11:10:00,15.56,15.53,15.59,15.5,-0.19,-0.03,969.0,1506070.0,0.58,0.01,15.5694,15.2642
2026-01-15 11:15:00,15.54,15.51,15.54,15.5,-0.13,-0.02,892.0,1384353.0,0.26,0.01,15.551799999999998,15.2701
2026-01-15 11:20:00,15.54,15.54,15.54,15.52,0.19,0.03,556.0,863175.0,0.13,0.01,15.538400000000001,15.275849999999998
2026-01-15 11:25:00,15.56,15.5,15.57,15.5,-0.26,-0.04,661.0,1026790.0,0.45,0.01,15.525600000000003,15.281099999999999
2026-01-15 11:30:00,15.49,15.54,15.56,15.47,0.26,0.04,721.0,1116867.0,0.58,0.01,15.5124,15.286499999999998
2026-01-15 13:05:00,15.55,15.67,15.68,15.53,0.84,0.13,1973.0,3079515.0,0.97,0.02,15.501799999999998,15.29105
2026-01-15 13:10:00,15.65,15.69,15.69,15.63,0.13,0.02,740.0,1158361.0,0.38,0.01,15.492,15.294099999999998
2026-01-15 13:15:00,15.69,15.73,15.78,15.63,0.25,0.04,4317.0,6777764.0,0.96,0.05,15.486,15.296700000000001
2026-01-15 13:20:00,15.75,15.69,15.8,15.65,-0.25,-0.04,2311.0,3638948.0,0.95,0.03,15.4818,15.30015
2026-01-15 13:25:00,15.68,15.67,15.73,15.66,-0.13,-0.02,708.0,1110236.0,0.45,0.01,15.478800000000001,15.304950000000002
2026-01-15 13:30:00,15.67,15.74,15.74,15.67,0.45,0.07,842.0,1322002.0,0.45,0.01,15.475,15.3102
2026-01-15 13:35:00,15.75,15.63,15.75,15.63,-0.7,-0.11,1377.0,2160496.0,0.76,0.02,15.469399999999998,15.31505
2026-01-15 13:40:00,15.63,15.62,15.64,15.61,-0.06,-0.01,800.0,1249764.0,0.19,0.01,15.4676,15.31965
2026-01-15 13:45:00,15.62,15.7,15.7,15.62,0.51,0.08,1238.0,1938639.0,0.51,0.02,15.470999999999998,15.3253
2026-01-15 13:50:00,15.7,15.7,15.72,15.68,0.0,0.0,415.0,651701.0,0.25,0.01,15.475,15.33095
2026-01-15 13:55:00,15.7,15.67,15.7,15.67,-0.19,-0.03,436.0,684005.0,0.19,0.01,15.4804,15.336549999999999
2026-01-15 14:00:00,15.67,15.65,15.68,15.65,-0.13,-0.02,409.0,640926.0,0.19,0.01,15.4854,15.341949999999999
2026-01-15 14:05:00,15.65,15.66,15.69,15.62,0.06,0.01,786.0,1230944.0,0.45,0.01,15.491999999999997,15.347349999999999
2026-01-15 14:10:00,15.66,15.62,15.67,15.62,-0.26,-0.04,693.0,1084401.0,0.32,0.01,15.499599999999997,15.352649999999999
2026-01-15 14:15:00,15.62,15.6,15.63,15.6,-0.13,-0.02,1307.0,2040659.0,0.19,0.02,15.505999999999998,15.357900000000003
2026-01-15 14:20:00,15.61,15.59,15.62,15.58,-0.06,-0.01,941.0,1468181.0,0.26,0.01,15.5122,15.363049999999998
2026-01-15 14:25:00,15.59,15.6,15.6,15.56,0.06,0.01,778.0,1212300.0,0.26,0.01,15.5178,15.368349999999998
2026-01-15 14:30:00,15.6,15.63,15.68,15.6,0.19,0.03,1018.0,1591349.0,0.51,0.01,15.5244,15.37365
2026-01-15 14:35:00,15.63,15.59,15.66,15.57,-0.26,-0.04,2667.0,4165542.0,0.58,0.03,15.5286,15.378800000000002
2026-01-15 14:40:00,15.58,15.62,15.64,15.57,0.19,0.03,1279.0,1995509.0,0.45,0.02,15.534799999999997,15.38405
2026-01-15 14:45:00,15.63,15.65,15.66,15.61,0.19,0.03,1870.0,2923158.0,0.32,0.02,15.541200000000002,15.389149999999999
2026-01-15 14:50:00,15.65,15.62,15.65,15.61,-0.19,-0.03,2098.0,3279006.0,0.26,0.03,15.5492,15.394400000000001
2026-01-15 14:55:00,15.62,15.66,15.68,15.62,0.26,0.04,3304.0,5169516.0,0.38,0.04,15.5574,15.399949999999999
2026-01-15 15:00:00,15.66,15.66,15.66,15.63,0.0,0.0,1544.0,2416633.0,0.19,0.02,15.564199999999998,15.40525
2026-01-16 09:35:00,15.78,15.49,15.78,15.46,-1.09,-0.17,4812.0,7489415.0,2.04,0.06,15.565,15.409600000000001
2026-01-16 09:40:00,15.48,15.35,15.48,15.35,-0.9,-0.14,3805.0,5863693.0,0.84,0.05,15.5632,15.413149999999998
2026-01-16 09:45:00,15.35,15.23,15.39,15.23,-0.78,-0.12,4149.0,6354882.0,1.04,0.05,15.5574,15.4163
2026-01-16 09:50:00,15.23,15.22,15.3,15.17,-0.07,-0.01,4211.0,6408562.0,0.85,0.05,15.553600000000001,15.4192
2026-01-16 09:55:00,15.22,15.18,15.28,15.18,-0.26,-0.04,3107.0,4727327.0,0.66,0.04,15.5474,15.42185
2026-01-16 10:00:00,15.18,15.09,15.21,15.08,-0.59,-0.09,2425.0,3674388.0,0.86,0.03,15.5386,15.42405
2026-01-16 10:05:00,15.09,15.0,15.11,15.0,-0.6,-0.09,2977.0,4482825.0,0.73,0.04,15.5278,15.4256
2026-01-16 10:10:00,15.0,14.99,15.07,14.98,-0.07,-0.01,1717.0,2579442.0,0.6,0.02,15.5168,15.427199999999997
2026-01-16 10:15:00,14.99,15.11,15.11,14.99,0.8,0.12,1315.0,1978202.0,0.8,0.02,15.511599999999998,15.4287
2026-01-16 10:20:00,15.12,15.14,15.19,15.09,0.2,0.03,2274.0,3440770.0,0.66,0.03,15.508200000000002,15.430749999999998
2026-01-16 10:25:00,15.16,15.06,15.2,15.06,-0.53,-0.08,873.0,1322142.0,0.92,0.01,15.5028,15.432700000000002
2026-01-16 10:30:00,15.07,15.06,15.09,15.03,0.0,0.0,687.0,1034858.0,0.4,0.01,15.4974,15.434750000000001
2026-01-16 10:35:00,15.06,14.98,15.06,14.98,-0.53,-0.08,1412.0,2118798.0,0.53,0.02,15.489799999999997,15.43625
2026-01-16 10:40:00,14.98,15.05,15.07,14.98,0.47,0.07,2996.0,4495182.0,0.6,0.04,15.4824,15.438099999999999
2026-01-16 10:45:00,15.06,15.1,15.17,15.06,0.33,0.05,1777.0,2687595.0,0.73,0.02,15.475600000000002,15.4401
2026-01-16 10:50:00,15.1,15.14,15.16,15.08,0.26,0.04,1450.0,2191815.0,0.53,0.02,15.4678,15.4421
2026-01-16 10:55:00,15.15,15.15,15.16,15.13,0.07,0.01,306.0,463310.0,0.2,0.0,15.46,15.44425
2026-01-16 11:00:00,15.16,15.14,15.16,15.13,-0.07,-0.01,404.0,611847.0,0.2,0.01,15.450999999999999,15.44635
2026-01-16 11:05:00,15.14,15.14,15.18,15.14,0.0,0.0,339.0,513934.0,0.26,0.0,15.441199999999998,15.4484
2026-01-16 11:10:00,15.14,15.14,15.17,15.13,0.0,0.0,402.0,608591.0,0.26,0.01,15.432,15.450649999999998
2026-01-16 11:15:00,15.13,15.1,15.16,15.08,-0.26,-0.04,1044.0,1578590.0,0.53,0.01,15.4228,15.45245
2026-01-16 11:20:00,15.1,15.08,15.11,15.07,-0.13,-0.02,319.0,481329.0,0.26,0.0,15.413800000000002,15.45415
2026-01-16 11:25:00,15.08,15.1,15.12,15.07,0.13,0.02,323.0,487538.0,0.33,0.0,15.405600000000002,15.4557
2026-01-16 11:30:00,15.11,15.03,15.11,15.02,-0.46,-0.07,1889.0,2846866.0,0.6,0.02,15.3954,15.45685
2026-01-16 13:05:00,15.03,15.07,15.08,15.01,0.27,0.04,2502.0,3764747.0,0.47,0.03,15.3868,15.45785
2026-01-16 13:10:00,15.06,15.09,15.12,15.04,0.13,0.02,2125.0,3207407.0,0.53,0.03,15.3778,15.45685
2026-01-16 13:15:00,15.09,15.09,15.1,15.08,0.0,0.0,433.0,653299.0,0.13,0.01,15.366200000000001,15.456499999999998
2026-01-16 13:20:00,15.09,15.02,15.09,15.01,-0.46,-0.07,476.0,715716.0,0.53,0.01,15.3528,15.455749999999998
2026-01-16 13:25:00,15.02,14.98,15.03,14.95,-0.27,-0.04,1670.0,2503956.0,0.53,0.02,15.3378,15.454749999999999
2026-01-16 13:30:00,14.98,15.01,15.02,14.97,0.2,0.03,1122.0,1682026.0,0.33,0.01,15.324200000000001,15.4541
2026-01-16 13:35:00,15.0,15.04,15.06,15.0,0.2,0.03,830.0,1247784.0,0.4,0.01,15.311599999999999,15.45365
2026-01-16 13:40:00,15.03,15.04,15.05,15.01,0.0,0.0,395.0,593719.0,0.27,0.0,15.2976,15.452850000000002
2026-01-16 13:45:00,15.04,15.06,15.08,15.03,0.13,0.02,444.0,668327.0,0.33,0.01,15.286200000000001,15.45215
2026-01-16 13:50:00,15.08,15.04,15.08,15.04,-0.13,-0.02,730.0,1098512.0,0.27,0.01,15.2746,15.451799999999999
2026-01-16 13:55:00,15.04,15.03,15.06,15.0,-0.07,-0.01,1075.0,1615538.0,0.4,0.01,15.261199999999999,15.451400000000001
2026-01-16 14:00:00,15.02,15.05,15.06,15.02,0.13,0.02,652.0,981269.0,0.27,0.01,15.248199999999999,15.4516
2026-01-16 14:05:00,15.05,15.03,15.08,15.02,-0.13,-0.02,1330.0,2001222.0,0.4,0.02,15.2354,15.451600000000001
2026-01-16 14:10:00,15.04,15.02,15.05,15.01,-0.07,-0.01,1062.0,1596402.0,0.27,0.01,15.2228,15.45155
2026-01-16 14:15:00,15.02,14.99,15.02,14.99,-0.2,-0.03,909.0,1364817.0,0.2,0.01,15.2094,15.451450000000001
2026-01-16 14:20:00,14.99,14.98,14.99,14.95,-0.07,-0.01,982.0,1470609.0,0.27,0.01,15.1966,15.451400000000001
2026-01-16 14:25:00,14.99,14.99,15.0,14.98,0.07,0.01,512.0,767637.0,0.13,0.01,15.1844,15.45135
2026-01-16 14:30:00,14.99,15.13,15.19,14.99,0.93,0.14,4501.0,6796477.0,1.33,0.06,15.1752,15.4519
2026-01-16 14:35:00,15.12,15.16,15.22,15.12,0.2,0.03,3684.0,5589591.0,0.66,0.05,15.1664,15.4525
2026-01-16 14:40:00,15.16,15.19,15.25,15.14,0.2,0.03,2565.0,3897751.0,0.73,0.03,15.1576,15.453199999999999
2026-01-16 14:45:00,15.19,15.2,15.29,15.17,0.07,0.01,3974.0,6052349.0,0.79,0.05,15.149799999999997,15.453949999999999
2026-01-16 14:50:00,15.16,15.09,15.21,15.08,-0.72,-0.11,1303.0,1972235.0,0.86,0.02,15.1392,15.45375
2026-01-16 14:55:00,15.1,15.1,15.12,15.07,0.07,0.01,2541.0,3835125.0,0.33,0.03,15.1282,15.4536
2026-01-16 15:00:00,15.11,15.11,15.13,15.1,0.07,0.01,1712.0,2587138.0,0.2,0.02,15.118,15.4536
2026-01-19 09:35:00,15.08,15.05,15.18,15.02,-0.4,-0.06,3390.0,5120440.0,1.06,0.04,15.105799999999999,15.453300000000002
2026-01-19 09:40:00,15.06,15.27,15.27,15.06,1.46,0.22,1812.0,2744128.0,1.4,0.02,15.097999999999999,15.45385
2026-01-19 09:45:00,15.27,15.39,15.46,15.24,0.79,0.12,5222.0,8019708.0,1.44,0.07,15.095999999999998,15.4551
2026-01-19 09:50:00,15.37,15.32,15.42,15.3,-0.45,-0.07,1255.0,1928177.0,0.78,0.02,15.0954,15.456000000000001
2026-01-19 09:55:00,15.3,15.33,15.34,15.28,0.07,0.01,1234.0,1890003.0,0.39,0.02,15.0974,15.4571
2026-01-19 10:00:00,15.33,15.41,15.44,15.33,0.52,0.08,1294.0,1991983.0,0.72,0.02,15.1012,15.45855
2026-01-19 10:05:00,15.42,15.26,15.42,15.25,-0.97,-0.15,1283.0,1967448.0,1.1,0.02,15.1028,15.4593
2026-01-19 10:10:00,15.26,15.26,15.28,15.2,0.0,0.0,1122.0,1709730.0,0.52,0.01,15.1062,15.46
2026-01-19 10:15:00,15.27,15.33,15.35,15.27,0.46,0.07,901.0,1379048.0,0.52,0.01,15.1128,15.461649999999999
2026-01-19 10:20:00,15.33,15.34,15.38,15.33,0.07,0.01,595.0,913522.0,0.33,0.01,15.1198,15.46255
2026-01-19 10:25:00,15.34,15.32,15.35,15.3,-0.13,-0.02,444.0,680422.0,0.33,0.01,15.124,15.463100000000003
2026-01-19 10:30:00,15.32,15.28,15.35,15.28,-0.26,-0.04,996.0,1525049.0,0.46,0.01,15.126799999999998,15.462950000000001
2026-01-19 10:35:00,15.27,15.24,15.29,15.21,-0.26,-0.04,1348.0,2056105.0,0.52,0.02,15.1304,15.46135
2026-01-19 10:40:00,15.24,15.21,15.25,15.21,-0.2,-0.03,801.0,1220203.0,0.26,0.01,15.1334,15.460349999999998
2026-01-19 10:45:00,15.21,15.21,15.23,15.2,0.0,0.0,568.0,864025.0,0.2,0.01,15.138000000000002,15.45985
2026-01-19 10:50:00,15.21,15.34,15.34,15.2,0.85,0.13,1164.0,1778778.0,0.92,0.01,15.143799999999999,15.4602
2026-01-19 10:55:00,15.34,15.3,15.34,15.29,-0.26,-0.04,616.0,943256.0,0.33,0.01,15.1478,15.460500000000001
2026-01-19 11:00:00,15.31,15.32,15.32,15.29,0.13,0.02,422.0,645753.0,0.2,0.01,15.151399999999999,15.4607
2026-01-19 11:05:00,15.31,15.3,15.32,15.28,-0.13,-0.02,424.0,648481.0,0.26,0.01,15.1544,15.46015
2026-01-19 11:10:00,15.3,15.33,15.34,15.28,0.2,0.03,903.0,1381607.0,0.39,0.01,15.158199999999999,15.4602
2026-01-19 11:15:00,15.33,15.34,15.35,15.3,0.07,0.01,984.0,1506956.0,0.33,0.01,15.1622,15.46015
2026-01-19 11:20:00,15.33,15.33,15.36,15.32,-0.07,-0.01,684.0,1049580.0,0.26,0.01,15.166000000000002,15.459850000000001
2026-01-19 11:25:00,15.34,15.39,15.4,15.33,0.39,0.06,1537.0,2360783.0,0.46,0.02,15.171800000000001,15.4598
2026-01-19 11:30:00,15.38,15.38,15.39,15.37,-0.06,-0.01,559.0,859790.0,0.13,0.01,15.1778,15.4599
2026-01-19 13:05:00,15.39,15.3,15.39,15.29,-0.52,-0.08,1615.0,2478985.0,0.65,0.02,15.181799999999999,15.459750000000001
2026-01-19 13:10:00,15.3,15.3,15.33,15.28,0.0,0.0,342.0,523282.0,0.33,0.0,15.1872,15.459249999999999
2026-01-19 13:15:00,15.3,15.33,15.33,15.29,0.2,0.03,491.0,751701.0,0.26,0.01,15.1924,15.458699999999999
2026-01-19 13:20:00,15.33,15.32,15.33,15.32,-0.07,-0.01,317.0,485797.0,0.07,0.0,15.197000000000001,15.4581
2026-01-19 13:25:00,15.32,15.29,15.33,15.29,-0.2,-0.03,791.0,1211115.0,0.26,0.01,15.200999999999999,15.45745
2026-01-19 13:30:00,15.29,15.3,15.31,15.28,0.07,0.01,481.0,735480.0,0.2,0.01,15.206600000000002,15.45695
2026-01-19 13:35:00,15.3,15.25,15.3,15.25,-0.33,-0.05,661.0,1009539.0,0.33,0.01,15.212,15.4563
2026-01-19 13:40:00,15.26,15.22,15.29,15.22,-0.2,-0.03,709.0,1082502.0,0.46,0.01,15.216199999999999,15.45555
2026-01-19 13:45:00,15.23,15.23,15.25,15.23,0.07,0.01,473.0,721014.0,0.13,0.01,15.22,15.4544
2026-01-19 13:50:00,15.23,15.26,15.26,15.22,0.2,0.03,513.0,781643.0,0.26,0.01,15.224400000000001,15.453500000000002
2026-01-19 13:55:00,15.26,15.23,15.26,15.21,-0.2,-0.03,471.0,717634.0,0.33,0.01,15.2278,15.45245
2026-01-19 14:00:00,15.23,15.22,15.24,15.2,-0.07,-0.01,693.0,1054718.0,0.26,0.01,15.2314,15.450899999999999
2026-01-19 14:05:00,15.22,15.26,15.26,15.21,0.26,0.04,724.0,1102140.0,0.33,0.01,15.235999999999999,15.449499999999999
2026-01-19 14:10:00,15.26,15.27,15.27,15.24,0.07,0.01,240.0,366224.0,0.2,0.0,15.2404,15.44815
2026-01-19 14:15:00,15.27,15.25,15.31,15.24,-0.13,-0.02,1605.0,2451723.0,0.46,0.02,15.2448,15.44715
2026-01-19 14:20:00,15.24,15.27,15.28,15.23,0.13,0.02,661.0,1008038.0,0.33,0.01,15.2498,15.4463
2026-01-19 14:25:00,15.28,15.32,15.32,15.27,0.33,0.05,819.0,1252751.0,0.33,0.01,15.256400000000001,15.44565
2026-01-19 14:30:00,15.32,15.25,15.32,15.23,-0.46,-0.07,709.0,1082872.0,0.59,0.01,15.261800000000001,15.444600000000001
2026-01-19 14:35:00,15.24,15.23,15.26,15.23,-0.13,-0.02,863.0,1315902.0,0.2,0.01,15.2666,15.44335
2026-01-19 14:40:00,15.23,15.21,15.23,15.18,-0.13,-0.02,2086.0,3171479.0,0.33,0.03,15.2682,15.4417
2026-01-19 14:45:00,15.2,15.22,15.23,15.2,0.07,0.01,978.0,1488387.0,0.2,0.01,15.269400000000001,15.440150000000001
2026-01-19 14:50:00,15.23,15.21,15.24,15.21,-0.07,-0.01,1126.0,1714110.0,0.2,0.01,15.2698,15.4382
2026-01-19 14:55:00,15.21,15.17,15.22,15.15,-0.26,-0.04,2313.0,3511913.0,0.46,0.03,15.269200000000001,15.43615
2026-01-19 15:00:00,15.17,15.18,15.18,15.15,0.07,0.01,1724.0,2615830.0,0.2,0.02,15.271,15.434550000000002
2026-01-20 09:35:00,15.28,15.11,15.28,15.05,-0.46,-0.07,2712.0,4107703.0,1.52,0.03,15.271199999999999,15.432749999999999
2026-01-20 09:40:00,15.1,15.12,15.21,15.09,0.07,0.01,1792.0,2714504.0,0.79,0.02,15.271399999999998,15.431000000000001
2026-01-20 09:45:00,15.11,15.22,15.25,15.1,0.66,0.1,1886.0,2856478.0,0.99,0.02,15.2748,15.429749999999999
2026-01-20 09:50:00,15.22,15.38,15.4,15.21,1.05,0.16,2560.0,3926122.0,1.25,0.03,15.277000000000001,15.4297
2026-01-20 09:55:00,15.39,15.32,15.45,15.29,-0.39,-0.06,2488.0,3828492.0,1.04,0.03,15.275600000000003,15.429199999999998
2026-01-20 10:00:00,15.3,15.35,15.39,15.3,0.2,0.03,898.0,1378753.0,0.59,0.01,15.276200000000001,15.42895
2026-01-20 10:05:00,15.38,15.33,15.38,15.3,-0.13,-0.02,1281.0,1963717.0,0.52,0.02,15.2762,15.428400000000002
2026-01-20 10:10:00,15.33,15.26,15.33,15.25,-0.46,-0.07,717.0,1096689.0,0.52,0.01,15.2732,15.4275
2026-01-20 10:15:00,15.27,15.26,15.3,15.26,0.0,0.0,740.0,1131071.0,0.26,0.01,15.2732,15.42605
2026-01-20 10:20:00,15.26,15.23,15.29,15.22,-0.2,-0.03,969.0,1478079.0,0.46,0.01,15.2726,15.4235
2026-01-20 10:25:00,15.24,15.26,15.27,15.23,0.2,0.03,1081.0,1648428.0,0.26,0.01,15.271199999999999,15.42085
2026-01-20 10:30:00,15.26,15.26,15.28,15.25,0.0,0.0,770.0,1175230.0,0.2,0.01,15.2696,15.41825
2026-01-20 10:35:00,15.26,15.33,15.35,15.26,0.46,0.07,1646.0,2519901.0,0.59,0.02,15.2698,15.414549999999998
2026-01-20 10:40:00,15.34,15.33,15.35,15.32,0.0,0.0,823.0,1262505.0,0.2,0.01,15.270800000000001,15.41115
2026-01-20 10:45:00,15.35,15.34,15.37,15.34,0.07,0.01,587.0,901553.0,0.2,0.01,15.2728,15.408050000000001
2026-01-20 10:50:00,15.35,15.33,15.35,15.32,-0.07,-0.01,510.0,782247.0,0.2,0.01,15.2752,15.4045
2026-01-20 10:55:00,15.33,15.35,15.36,15.32,0.13,0.02,619.0,949031.0,0.26,0.01,15.277999999999999,15.40125
2026-01-20 11:00:00,15.33,15.34,15.35,15.32,-0.07,-0.01,439.0,673344.0,0.2,0.01,15.278000000000002,15.3978
2026-01-20 11:05:00,15.33,15.33,15.35,15.31,-0.07,-0.01,432.0,662324.0,0.26,0.01,15.278599999999999,15.3932
2026-01-20 11:10:00,15.33,15.33,15.34,15.31,0.0,0.0,548.0,839936.0,0.2,0.01,15.2788,15.38875
2026-01-20 11:15:00,15.31,15.34,15.35,15.31,0.07,0.01,402.0,616652.0,0.26,0.01,15.2796,15.3841
2026-01-20 11:20:00,15.34,15.34,15.35,15.33,0.0,0.0,472.0,724176.0,0.13,0.01,15.2798,15.379150000000003
2026-01-20 11:25:00,15.35,15.32,15.36,15.29,-0.13,-0.02,751.0,1151923.0,0.46,0.01,15.2794,15.37425
2026-01-20 11:30:00,15.33,15.31,15.33,15.3,-0.07,-0.01,320.0,490197.0,0.2,0.0,15.278999999999998,15.369399999999999
2026-01-20 13:05:00,15.31,15.23,15.32,15.23,-0.52,-0.08,835.0,1275657.0,0.59,0.01,15.275799999999998,15.3639
2026-01-20 13:10:00,15.24,15.19,15.24,15.18,-0.26,-0.04,639.0,971686.0,0.39,0.01,15.272,15.35825
2026-01-20 13:15:00,15.19,15.22,15.23,15.19,0.2,0.03,656.0,997639.0,0.26,0.01,15.2704,15.3524
2026-01-20 13:20:00,15.22,15.23,15.25,15.2,0.07,0.01,538.0,819358.0,0.33,0.01,15.268999999999998,15.3475
2026-01-20 13:25:00,15.23,15.19,15.25,15.19,-0.26,-0.04,725.0,1104243.0,0.39,0.01,15.266200000000001,15.342749999999999
2026-01-20 13:30:00,15.19,15.22,15.23,15.18,0.2,0.03,783.0,1190927.0,0.33,0.01,15.2642,15.337850000000001
2026-01-20 13:35:00,15.21,15.18,15.23,15.18,-0.26,-0.04,611.0,928995.0,0.33,0.01,15.262,15.332749999999999
2026-01-20 13:40:00,15.18,15.18,15.19,15.18,0.0,0.0,114.0,173136.0,0.07,0.0,15.259599999999999,15.327750000000002
2026-01-20 13:45:00,15.18,15.21,15.23,15.18,0.2,0.03,591.0,899201.0,0.33,0.01,15.258799999999999,15.32365
2026-01-20 13:50:00,15.18,15.2,15.21,15.18,-0.07,-0.01,327.0,497075.0,0.2,0.0,15.258400000000002,15.320150000000002
2026-01-20 13:55:00,15.21,15.19,15.23,15.18,-0.07,-0.01,545.0,828686.0,0.33,0.01,15.2576,15.317
2026-01-20 14:00:00,15.19,15.18,15.2,15.17,-0.07,-0.01,713.0,1082431.0,0.2,0.01,15.256000000000002,15.31325
2026-01-20 14:05:00,15.17,15.14,15.18,15.13,-0.26,-0.04,1081.0,1638655.0,0.33,0.01,15.2542,15.309399999999998
2026-01-20 14:10:00,15.13,15.19,15.19,15.13,0.33,0.05,734.0,1112358.0,0.4,0.01,15.253599999999999,15.306799999999999
2026-01-20 14:15:00,15.2,15.21,15.22,15.19,0.13,0.02,970.0,1475198.0,0.2,0.01,15.2526,15.3052
2026-01-20 14:20:00,15.21,15.2,15.21,15.19,-0.07,-0.01,1573.0,2391859.0,0.13,0.02,15.2512,15.303700000000001
2026-01-20 14:25:00,15.21,15.2,15.21,15.2,0.0,0.0,553.0,840749.0,0.07,0.01,15.2502,15.3027
2026-01-20 14:30:00,15.2,15.17,15.21,15.17,-0.2,-0.03,1762.0,2670531.0,0.26,0.02,15.248200000000002,15.301549999999999
2026-01-20 14:35:00,15.22,15.19,15.22,15.18,0.13,0.02,608.0,923936.0,0.26,0.01,15.2456,15.30085
2026-01-20 14:40:00,15.18,15.2,15.21,15.18,0.07,0.01,741.0,1125673.0,0.2,0.01,15.2446,15.300650000000001
2026-01-20 14:45:00,15.19,15.2,15.2,15.18,0.0,0.0,1054.0,1600970.0,0.13,0.01,15.243999999999998,15.30025
2026-01-20 14:50:00,15.2,15.17,15.21,15.16,-0.2,-0.03,787.0,1195054.0,0.33,0.01,15.243200000000002,15.299699999999998
2026-01-20 14:55:00,15.17,15.18,15.2,15.16,0.07,0.01,897.0,1361403.0,0.26,0.01,15.2424,15.299000000000001
2026-01-20 15:00:00,15.19,15.21,15.22,15.18,0.2,0.03,977.0,1485341.0,0.26,0.01,15.2424,15.29855
2026-01-21 09:35:00,15.16,15.05,15.21,15.05,-1.05,-0.16,1881.0,2843157.0,1.05,0.02,15.24,15.296899999999999
2026-01-21 09:40:00,15.05,15.1,15.11,15.03,0.33,0.05,1666.0,2510333.0,0.53,0.02,15.238399999999999,15.295849999999998
2026-01-21 09:45:00,15.1,15.12,15.15,15.08,0.13,0.02,1809.0,2733444.0,0.46,0.02,15.238599999999998,15.2948
2026-01-21 09:50:00,15.12,15.08,15.12,15.05,-0.26,-0.04,1136.0,1712797.0,0.46,0.01,15.237800000000002,15.2941
2026-01-21 09:55:00,15.08,15.07,15.09,15.05,-0.07,-0.01,489.0,737086.0,0.27,0.01,15.2348,15.293200000000002
2026-01-21 10:00:00,15.07,15.07,15.11,15.05,0.0,0.0,689.0,1038204.0,0.4,0.01,15.228600000000002,15.29195
2026-01-21 10:05:00,15.07,15.07,15.09,15.03,0.0,0.0,776.0,1168806.0,0.4,0.01,15.2236,15.29005
2026-01-21 10:10:00,15.07,15.11,15.11,15.06,0.27,0.04,606.0,913507.0,0.33,0.01,15.218799999999998,15.288400000000001
2026-01-21 10:15:00,15.11,15.13,15.14,15.1,0.13,0.02,1305.0,1972938.0,0.26,0.02,15.2148,15.28645
2026-01-21 10:20:00,15.14,15.12,15.14,15.11,-0.07,-0.01,1024.0,1548278.0,0.2,0.01,15.212,15.285
2026-01-21 10:25:00,15.11,15.11,15.13,15.11,-0.07,-0.01,653.0,987395.0,0.13,0.01,15.209000000000001,15.2831
2026-01-21 10:30:00,15.11,15.08,15.12,15.07,-0.2,-0.03,744.0,1123255.0,0.33,0.01,15.206000000000001,15.280849999999997
2026-01-21 10:35:00,15.08,15.05,15.09,15.05,-0.2,-0.03,571.0,860374.0,0.27,0.01,15.2018,15.2784
2026-01-21 10:40:00,15.05,15.08,15.08,15.04,0.2,0.03,326.0,490927.0,0.27,0.0,15.198200000000002,15.2761
2026-01-21 10:45:00,15.08,15.06,15.08,15.06,-0.13,-0.02,461.0,694739.0,0.13,0.01,15.1928,15.27455
2026-01-21 10:50:00,15.06,15.03,15.06,15.02,-0.2,-0.03,979.0,1471889.0,0.27,0.01,15.186799999999998,15.273150000000001
2026-01-21 10:55:00,15.03,15.04,15.06,15.02,0.07,0.01,600.0,902517.0,0.27,0.01,15.180800000000001,15.271700000000001
2026-01-21 11:00:00,15.05,15.03,15.06,15.01,-0.07,-0.01,1484.0,2231602.0,0.33,0.02,15.1748,15.270199999999999
2026-01-21 11:05:00,15.04,15.02,15.04,15.01,-0.07,-0.01,403.0,605428.0,0.2,0.01,15.168199999999999,15.268500000000001
2026-01-21 11:10:00,15.02,15.02,15.04,15.01,0.0,0.0,367.0,551267.0,0.2,0.0,15.161799999999998,15.2665
2026-01-21 11:15:00,15.01,14.97,15.02,14.97,-0.33,-0.05,1465.0,2196961.0,0.33,0.02,15.1546,15.264149999999999
2026-01-21 11:20:00,14.97,14.98,14.99,14.96,0.07,0.01,502.0,751485.0,0.2,0.01,15.1476,15.261400000000002
2026-01-21 11:25:00,14.99,14.96,14.99,14.96,-0.13,-0.02,1012.0,1514854.0,0.2,0.01,15.14,15.258500000000002
2026-01-21 11:30:00,14.95,14.96,14.98,14.94,0.0,0.0,847.0,1266588.0,0.27,0.01,15.1324,15.25535
2026-01-21 13:05:00,14.96,14.95,14.99,14.92,-0.07,-0.01,1614.0,2413077.0,0.47,0.02,15.125,15.251949999999999
2026-01-21 13:10:00,14.95,14.96,14.96,14.92,0.07,0.01,1022.0,1526986.0,0.27,0.01,15.118000000000002,15.24875
2026-01-21 13:15:00,14.95,14.92,14.97,14.92,-0.27,-0.04,1139.0,1702772.0,0.33,0.01,15.1118,15.245550000000001
2026-01-21 13:20:00,14.92,14.88,14.93,14.88,-0.27,-0.04,2031.0,3029226.0,0.34,0.03,15.105599999999999,15.2423
2026-01-21 13:25:00,14.88,14.92,14.92,14.87,0.27,0.04,618.0,920753.0,0.34,0.01,15.0996,15.239350000000002
2026-01-21 13:30:00,14.91,14.89,14.91,14.87,-0.2,-0.03,734.0,1092909.0,0.27,0.01,15.0928,15.2361
2026-01-21 13:35:00,14.9,14.88,14.9,14.87,-0.07,-0.01,701.0,1043449.0,0.2,0.01,15.086599999999999,15.233000000000002
2026-01-21 13:40:00,14.88,14.91,14.92,14.87,0.2,0.03,589.0,877326.0,0.34,0.01,15.0804,15.22985
2026-01-21 13:45:00,14.91,14.9,14.92,14.9,-0.07,-0.01,518.0,772260.0,0.13,0.01,15.0748,15.226
2026-01-21 13:50:00,14.9,14.88,14.92,14.88,-0.13,-0.02,576.0,857911.0,0.27,0.01,15.068800000000001,15.221950000000001
2026-01-21 13:55:00,14.89,14.88,14.89,14.88,0.0,0.0,594.0,883997.0,0.07,0.01,15.0622,15.2177
2026-01-21 14:00:00,14.88,14.88,14.88,14.87,0.0,0.0,595.0,885071.0,0.07,0.01,15.0558,15.21365
2026-01-21 14:05:00,14.87,14.83,14.88,14.83,-0.34,-0.05,1009.0,1498701.0,0.34,0.01,15.0486,15.209449999999999
2026-01-21 14:10:00,14.83,14.84,14.85,14.78,0.07,0.01,2220.0,3289828.0,0.47,0.03,15.041799999999999,15.204950000000002
2026-01-21 14:15:00,14.83,14.83,14.85,14.83,-0.07,-0.01,537.0,796621.0,0.13,0.01,15.035599999999999,15.20095
2026-01-21 14:20:00,14.83,14.83,14.85,14.83,0.0,0.0,594.0,881300.0,0.13,0.01,15.028400000000001,15.197000000000001
2026-01-21 14:25:00,14.83,14.82,14.84,14.81,-0.07,-0.01,1253.0,1857585.0,0.2,0.02,15.0206,15.1926
2026-01-21 14:30:00,14.82,14.83,14.84,14.79,0.07,0.01,1612.0,2387364.0,0.34,0.02,15.0132,15.18825
2026-01-21 14:35:00,14.81,14.79,14.83,14.79,-0.27,-0.04,1193.0,1767080.0,0.27,0.02,15.005,15.18385
2026-01-21 14:40:00,14.8,14.8,14.84,14.79,0.07,0.01,1281.0,1897386.0,0.34,0.02,14.9976,15.1796
2026-01-21 14:45:00,14.8,14.82,14.83,14.77,0.14,0.02,2384.0,3526894.0,0.41,0.03,14.9902,15.1754
2026-01-21 14:50:00,14.82,14.82,14.85,14.8,0.0,0.0,1006.0,1491605.0,0.34,0.01,14.9826,15.1714
2026-01-21 14:55:00,14.83,14.8,14.84,14.8,-0.13,-0.02,2692.0,3989522.0,0.27,0.03,14.9746,15.1674
2026-01-21 15:00:00,14.82,14.85,14.85,14.79,0.34,0.05,1619.0,2399585.0,0.41,0.02,14.9682,15.1637
2026-01-22 09:35:00,14.87,14.77,14.93,14.75,-0.54,-0.08,2848.0,4225200.0,1.21,0.04,14.96,15.159550000000001
2026-01-22 09:40:00,14.77,14.8,14.84,14.7,0.2,0.03,2965.0,4372929.0,0.95,0.04,14.9518,15.1554
2026-01-22 09:45:00,14.8,14.85,14.89,14.8,0.34,0.05,766.0,1137986.0,0.61,0.01,14.947799999999999,15.1517
2026-01-22 09:50:00,14.85,14.85,14.9,14.84,0.0,0.0,864.0,1284215.0,0.4,0.01,14.9428,15.14785
2026-01-22 09:55:00,14.85,14.86,14.88,14.85,0.07,0.01,436.0,648161.0,0.2,0.01,14.9376,15.1439
2026-01-22 10:00:00,14.87,14.86,14.88,14.85,0.0,0.0,480.0,713444.0,0.2,0.01,14.9332,15.1401
2026-01-22 10:05:00,14.87,14.88,14.9,14.86,0.13,0.02,1279.0,1904013.0,0.27,0.02,14.929400000000001,15.1362
2026-01-22 10:10:00,14.89,14.94,14.94,14.89,0.4,0.06,673.0,1003636.0,0.34,0.01,14.926799999999998,15.1326
2026-01-22 10:15:00,14.94,14.87,14.94,14.86,-0.47,-0.07,705.0,1051328.0,0.54,0.01,14.9228,15.1295
2026-01-22 10:20:00,14.87,14.86,14.89,14.86,-0.07,-0.01,935.0,1390794.0,0.2,0.01,14.9178,15.127050000000002
2026-01-22 10:25:00,14.86,14.87,14.89,14.85,0.07,0.01,1322.0,1966820.0,0.27,0.02,14.9126,15.125250000000001
2026-01-22 10:30:00,14.87,14.86,14.89,14.86,-0.07,-0.01,520.0,773286.0,0.2,0.01,14.9074,15.12345
2026-01-22 10:35:00,14.87,14.89,14.91,14.86,0.2,0.03,670.0,997429.0,0.34,0.01,14.902999999999999,15.122
2026-01-22 10:40:00,14.89,14.9,14.91,14.88,0.07,0.01,375.0,558518.0,0.2,0.0,14.899399999999998,15.12105
2026-01-22 10:45:00,14.9,14.91,14.91,14.89,0.07,0.01,843.0,1255894.0,0.13,0.01,14.896600000000001,15.1206
2026-01-22 10:50:00,14.91,14.93,14.93,14.9,0.13,0.02,531.0,792240.0,0.2,0.01,14.8936,15.120300000000002
2026-01-22 10:55:00,14.93,14.95,14.95,14.92,0.13,0.02,487.0,727126.0,0.2,0.01,14.8914,15.1195
2026-01-22 11:00:00,14.94,14.92,14.95,14.92,-0.2,-0.03,347.0,518104.0,0.2,0.0,14.8892,15.118400000000001
2026-01-22 11:05:00,14.92,14.94,14.94,14.92,0.13,0.02,193.0,288236.0,0.13,0.0,14.8872,15.117799999999999
2026-01-22 11:10:00,14.94,14.95,14.97,14.93,0.07,0.01,765.0,1144088.0,0.27,0.01,14.8856,15.117249999999999
2026-01-22 11:15:00,14.95,14.89,14.95,14.88,-0.4,-0.06,435.0,648614.0,0.47,0.01,14.883,15.116799999999998
2026-01-22 11:20:00,14.89,14.9,14.9,14.89,0.07,0.01,445.0,662671.0,0.07,0.01,14.880600000000001,15.11605
2026-01-22 11:25:00,14.9,14.87,14.9,14.87,-0.2,-0.03,600.0,893507.0,0.2,0.01,14.8786,15.1149
2026-01-22 11:30:00,14.87,14.87,14.89,14.86,0.0,0.0,177.0,263255.0,0.2,0.0,14.876399999999999,15.11355
2026-01-22 13:05:00,14.86,14.88,14.88,14.86,0.07,0.01,445.0,661787.0,0.13,0.01,14.8748,15.1122
2026-01-22 13:10:00,14.87,14.88,14.88,14.86,0.0,0.0,291.0,432685.0,0.13,0.0,14.873200000000002,15.110899999999999
2026-01-22 13:15:00,14.87,14.88,14.89,14.87,0.0,0.0,336.0,499903.0,0.13,0.0,14.8718,15.1096
2026-01-22 13:20:00,14.88,14.88,14.88,14.86,0.0,0.0,339.0,504297.0,0.13,0.0,14.8702,15.108300000000002
2026-01-22 13:25:00,14.87,14.84,14.88,14.84,-0.27,-0.04,691.0,1026408.0,0.27,0.01,14.868599999999999,15.106999999999998
2026-01-22 13:30:00,14.84,14.84,14.85,14.83,0.0,0.0,402.0,596613.0,0.13,0.01,14.867799999999999,15.105799999999999
2026-01-22 13:35:00,14.84,14.84,14.85,14.83,0.0,0.0,469.0,696221.0,0.13,0.01,14.866200000000001,15.1045
2026-01-22 13:40:00,14.85,14.87,14.87,14.84,0.2,0.03,207.0,307448.0,0.2,0.0,14.865800000000002,15.103700000000002
2026-01-22 13:45:00,14.86,14.91,14.92,14.86,0.27,0.04,494.0,735366.0,0.4,0.01,14.8664,15.1029
2026-01-22 13:50:00,14.9,14.93,14.93,14.89,0.13,0.02,501.0,747097.0,0.27,0.01,14.866799999999998,15.1021
2026-01-22 13:55:00,14.93,14.92,14.94,14.92,-0.07,-0.01,411.0,613494.0,0.13,0.01,14.8672,15.10125
2026-01-22 14:00:00,14.93,14.9,14.93,14.88,-0.13,-0.02,378.0,563318.0,0.34,0.0,14.8676,15.10065
2026-01-22 14:05:00,14.89,14.9,14.9,14.88,0.0,0.0,707.0,1052705.0,0.13,0.01,14.868,15.10025
2026-01-22 14:10:00,14.9,14.87,14.9,14.86,-0.2,-0.03,1098.0,1633294.0,0.27,0.01,14.867799999999999,15.099549999999999
2026-01-22 14:15:00,14.86,14.81,14.87,14.8,-0.4,-0.06,1125.0,1668714.0,0.47,0.01,14.8674,15.0984
2026-01-22 14:20:00,14.81,14.82,14.83,14.8,0.07,0.01,955.0,1414982.0,0.2,0.01,14.867,15.0973
2026-01-22 14:25:00,14.83,14.85,14.86,14.83,0.2,0.03,566.0,840325.0,0.2,0.01,14.8674,15.09625
2026-01-22 14:30:00,14.86,14.85,14.87,14.84,0.0,0.0,698.0,1036756.0,0.2,0.01,14.867799999999999,15.0953
2026-01-22 14:35:00,14.84,14.85,14.86,14.83,0.0,0.0,897.0,1331338.0,0.2,0.01,14.868400000000001,15.0944
2026-01-22 14:40:00,14.84,14.85,14.85,14.83,0.0,0.0,428.0,635124.0,0.13,0.01,14.868799999999998,15.0934
2026-01-22 14:45:00,14.85,14.85,14.86,14.83,0.0,0.0,809.0,1201137.0,0.2,0.01,14.87,15.0925
2026-01-22 14:50:00,14.84,14.84,14.85,14.83,-0.07,-0.01,824.0,1222961.0,0.13,0.01,14.8708,15.091600000000001
2026-01-22 14:55:00,14.85,14.87,14.88,14.84,0.2,0.03,1511.0,2245646.0,0.27,0.02,14.8718,15.091
2026-01-22 15:00:00,14.87,14.89,14.9,14.87,0.13,0.02,1289.0,1918938.0,0.2,0.02,14.873199999999999,15.090549999999999
